brand_name,url,vertical,notes
Brooklyn Spectacles,https://www.brooklynspectacles.com,,
Strategic CFO Advisory,https://www.strategiccfoadvisory.com,,
PortCity251,https://www.portcity251.com,,
AI for Christians,https://aiforchristians.ai,,
Homegrown Atlanta,https://linktr.ee/homegrown_atlanta,,
Travel Adventure Center,https://www.traveladventurecenter.com,,
Hall Street Media,https://www.hallstreetmedia.com,,
Clarusway,https://www.clarusway.com,,
AlphaGraphics,https://www.alphagraphics.com,,
Sarah Carroll Design,https://www.sarahcarrolldesign.com,,
Paymentum,https://www.paymentum.net,,
IAmH3r,https://www.iamh3r.net,,
The Omniverse,https://theomniverse.city,,
Gaba Printing,https://www.gabaprinting.com,,
Charm City Family,https://www.charmcityfamily.com,,
Boyum Law,https://www.boyumlaw.com,,
Stephanie April,https://stephanieapril.com,,
GetFinanceHere,https://www.getfinancehere.com,,
DNS Realty Group,https://www.dnsrealtygroup.com,,
Psychic Wayne,https://www.psychicwayne1.com,,
Classic Design Services,https://www.clsssicdesignservices.com,,
Zippy Is Funny,https://www.zippyisfunny.com,,
Karen's Botanicals,https://www.karensbotanicals.com,,
Statements By J,https://www.statementsbyj.com,,
Randolph Home Store,https://www.randolphhomestore.com,,
Dynamic Wellness,https://www.dynamicwellness.vip,,
Michael Roach Creative,https://www.michaelroachcreative.com,,
United Against Fentanyl,https://www.unitedagainstfentanyl.org,,
Old Landmark Publishing,https://www.oldlandmarkpublishing.com,,
PVG US,https://www.pvgus.com,,
NinjaClick,https://www.ninjaclick.com,,
Blessing Mouth,https://www.blessingmouth.com,,
TWF Home Loans,https://www.twfhomeloans.com,,
The Level Up Lady,https://www.theleveluplady.com,,
Best Headshots In Atlanta,https://bestheadshotsinatlanta.com,,
Usoo App,https://usooapp.com,,
Frog Music,https://www.frogmusic.com,,
IAmComput0r,https://www.iamcomput0r.com,,
The Kleaning Kompany,https://www.thekleaningkompany.com,,
RCA Tax Services,https://rcataxservices.com,,
Taj and Bro,https://www.tajandbro.com,,
Jeenie Jolie,https://jeeniejolie.com,,
HouseBuildr,https://www.housebuildr.com,,
Famsa Furniture,https://www.famsafurniture.com,,
Affiliate Mentor,https://www.affiliatementor.com,,
Pain Relief Products,https://www.painreliefproducts.net,,
Actalent Services,https://www.actalentservices.com,,
Pinnacle Investments,https://www.pinnacle-investments.com,,
2 Dogs Treats,https://www.2dogstreats.com,,
Warbay,https://warbay.com,,
Nora Michalski,https://noramichalski.com,,
LeadStoke,https://leadstoke.com,,
Its Revamp,https://www.itsrevamp.com,,
Ray Media,https://www.raymedia.cc,,
Think Energy,https://office2.thinkenergy.plus,,
BopTV,https://www.boptv.com,,
All Point Consultants,https://www.allpointconsultants.com,,
Beyond The Ordinary Show,https://www.beyondtheordinaryshow.com,,
NexGen Yachts,https://nexgen.yachts,,
Leadership Books,https://www.leadershipbooks.com,,
Apollo Peptide Sciences,https://www.apollopeptidesciences.com,,
Swift Financial Group,https://swiftfinancialgroup.net,,
Baby Drew Berry Clothing,https://www.babydrewberryclothing.com,,

NBCOS,https://www.nbcos.org,,
FreshViewser,https://www.freshviewser.com,,
The Varnado Group,https://www.thevarnadogroup.com,,
Top Tier Coffees,https://www.toptiercoffees.com,,
The Ballot Beacon,https://www.theballotbeacon.com,,
Powerful Wellness,https://www.powerful-wellness.com,,
Spenceforth,https://spenceforth.tumblr.com,,
None,https://none.com,,
